,대여소_ID,주소1,주소2,위도,경도,isin강서,주소,용도지역_1,용도지역_2,용도지역_3,용도지역_4,용도지역
0,ST-975,서울특별시 강서구 마곡서1로 111-12,신방화역환승주차장,37.567284,126.818275,강서,서울 강서구 마곡서1로 111-12,도시지역,일반상업지역,중요시설물보호지구(공항),지구단위계획구역,
1,ST-837,서울특별시 강서구 강서로 지하 54,강서구 화곡동 662-5,37.532551,126.846321,강서,서울 강서구 화곡동 662-5,제3종일반주거지역,도시지역,제2종일반주거지역,일반상업지역,
2,ST-836,서울특별시 강서구 곰달래로37길 13,강서구곰달래로37길 13,37.53178,126.854485,강서,서울 강서구 곰달래로37길 13,제2종일반주거지역,도시지역,중요시설물보호지구(공항),과밀억제권역,
3,ST-835,서울특별시 강서구 강서로 304,강서구 내발산동 724-42,37.552914,126.836571,강서,서울 강서구 강서로 304,제3종일반주거지역,도시지역,건축선,중요시설물보호지구(공항),
4,ST-834,서울특별시 강서구 공항대로 329,강서구 등촌동 675-7,37.558197,126.844261,강서,서울 강서구 공항대로 329,제3종일반주거지역,도시관리계획 입안중,도시지역,건축선,
5,ST-833,서울특별시 강서구 공항대로59길 8,강서구 등촌동 666-90,37.551666,126.86409,강서,서울 강서구 공항대로59길 8,도시관리계획 입안중,도시지역,준주거지역,중요시설물보호지구(공항),
6,ST-832,서울특별시 강서구 방화대로47가길 22,강서구 방화동 830-15,37.577213,126.813553,강서,서울 강서구 방화대로47가길 22,제3종일반주거지역,도시지역,제2종일반주거지역,중요시설물보호지구(공항),
7,ST-831,서울특별시 강서구 방화동 829-11,,37.577106,126.811996,강서,서울 강서구 방화동 829-11,제3종일반주거지역,도시지역,준주거지역,중요시설물보호지구(공항),
8,ST-829,서울특별시 강서구 화곡로 지하 168,화곡역 6번출구,37.541412,126.840225,강서,서울 강서구 화곡로 168,제3종일반주거지역,도시관리계획 입안중,도시지역,일반상업지역,
9,ST-828,서울특별시 강서구 방화대로 241 공항중학교,,37.562202,126.816246,강서,서울 강서구 방화대로 241,도시지역,제2종일반주거지역,건축선,중요시설물보호지구(공항),
10,ST-824,서울특별시 강서구 양천로24길 13 마곡센트레빌,,37.572563,126.816422,강서,서울 강서구 양천로24길 13,제3종일반주거지역,도시지역,건축선,중요시설물보호지구(공항),
11,ST-538,서울특별시 강서구 까치산로4길 22,강서구 화곡동 98-148,37.54147,126.84478,강서,서울 강서구 까치산로4길 22,제2종일반주거지역,도시지역,중요시설물보호지구(공항),공원,
12,ST-537,서울특별시 강서구 곰달래로 51,355-48,37.530338,126.838257,강서,서울 강서구 곰달래로 51,도시지역,제2종일반주거지역,중요시설물보호지구(공항),진입표면구역,
13,ST-536,서울특별시 강서구 강서로5길 50,강서구 화곡동 941-2,37.528919,126.848084,강서,서울 강서구 강서로5길 50,제3종일반주거지역,도시지역,건축선,중요시설물보호지구(공항),
14,ST-535,서울특별시 강서구 강서로5길 50,강서구 화곡동 941-2,37.52906,126.84848,강서,서울 강서구 강서로5길 50,제3종일반주거지역,도시지역,건축선,중요시설물보호지구(공항),
15,ST-534,서울특별시 강서구 등촌로 19,강서구 화곡동 939-3,37.531399,126.863609,강서,서울 강서구 등촌로 19,도시지역,준주거지역,건축선,제1종지구단위계획구역,
16,ST-533,서울특별시 강서구 등촌로 95 대일빌딩,,37.538521,126.863434,강서,서울 강서구 등촌로 95,제3종일반주거지역,도시지역,건축선,중요시설물보호지구(공항),
17,ST-532,서울특별시 강서구 등촌로 137 대림아파트,,37.541264,126.863373,강서,서울 강서구 등촌로 137,제3종일반주거지역,도시지역,건축선,중요시설물보호지구(공항),
18,ST-531,서울특별시 강서구 등촌로 167,강서구 등촌동 608-6,37.544788,126.862,강서,서울 강서구 등촌로 167,제3종일반주거지역,도시지역,건축선,중요시설물보호지구(공항),
19,ST-530,서울특별시 강서구 등촌로 185,강서구 등촌동 608-4,37.546532,126.862549,강서,서울 강서구 등촌로 185,제3종일반주거지역,도시지역,건축선,중요시설물보호지구(공항),
20,ST-529,서울특별시 강서구 등촌로51나길 29,강서구 등촌동 520-6,37.548061,126.86042,강서,서울 강서구 등촌로51나길 29,도시관리계획 입안중,도시지역,제1종일반주거지역,중요시설물보호지구(공항),
21,ST-528,서울특별시 강서구 공항대로 지하 529,강서구 등촌동 505-3,37.551109,126.863709,강서,서울 강서구 공항대로 529,제3종일반주거지역,도시관리계획 입안중,도시지역,준주거지역,
22,ST-527,서울특별시 강서구 화곡로 232,강서구 화곡동 94-6,37.546444,126.845459,강서,서울 강서구 화곡로 232,제3종일반주거지역,도시지역,건축선,중요시설물보호지구(공항),
23,ST-526,서울특별시 강서구 화곡로 196,강서구 화곡동 109-12,37.542751,126.842621,강서,서울 강서구 화곡로 196,제3종일반주거지역,도시지역,건축선,중요시설물보호지구(공항),
24,ST-525,서울특별시 강서구 화곡로 지하 168,강서구 화곡동 1089-43,37.542099,126.840218,강서,서울 강서구 화곡로 168,제3종일반주거지역,도시관리계획 입안중,도시지역,일반상업지역,
25,ST-524,서울특별시 강서구 화곡로 157,강서구 화곡동 1089-52,37.540981,126.838547,강서,서울 강서구 화곡로 157,도시관리계획 입안중,도시지역,일반상업지역,건축선,
26,ST-523,서울특별시 강서구 강서로 지하 262,강서구 화곡동 1159-6,37.548908,126.836563,강서,서울 강서구 강서로 262,제3종일반주거지역,도시지역,건축선,중요시설물보호지구(공항),
27,ST-522,서울특별시 강서구 내발산동 645,,37.558178,126.838455,강서,서울 강서구 내발산동 645,제3종일반주거지역,도시지역,중요시설물보호지구(공항),도로,
28,ST-521,서울특별시 강서구 강서로80길 117,강서구 가양동 1459-9,37.57048,126.849503,강서,서울 강서구 강서로80길 117,도시지역,자연녹지지역,중요시설물보호지구(공항),제1종지구단위계획구역,
29,ST-520,서울특별시 강서구 허준로 221-40 공원관리사무실,,37.561924,126.864166,강서,서울 강서구 허준로 221-40,도시지역,자연녹지지역,중요시설물보호지구(공항),제1종지구단위계획구역,
30,ST-519,서울특별시 강서구 양천로61길 101,강서구 가양동 1484-5,37.559479,126.86438,강서,서울 강서구 양천로61길 101,도시지역,자연녹지지역,제1종일반주거지역,제1종지구단위계획구역,
31,ST-518,서울특별시 강서구 허준로 139 강변아파트,,37.564785,126.854645,강서,서울 강서구 허준로 139,제3종일반주거지역,도시지역,제1종일반주거지역,중요시설물보호지구(공항),
32,ST-517,서울특별시 강서구 양천로 637,강서구 염창동 284-18,37.554253,126.867561,강서,서울 강서구 양천로 637,도시지역,준공업지역,건축선,과밀억제권역,
33,ST-516,서울특별시 강서구 양천로 지하 560,강서구 등촌동 666-40,37.557461,126.861458,강서,서울 강서구 양천로 560,도시관리계획 입안중,도시지역,준공업지역,중요시설물보호지구(공항),
34,ST-515,서울특별시 강서구 양천로 200,강서구 마곡동 223-6,37.572781,126.826279,강서,서울 강서구 양천로 200,도시지역,자연녹지지역,준공업지역,중요시설물보호지구(공항),
35,ST-514,서울특별시 강서구 마곡동 221-4,,37.573124,126.822388,강서,서울 강서구 마곡동 221-4,도시지역,자연녹지지역,중요시설물보호지구(공항),제1종지구단위계획구역,
36,ST-513,서울특별시 강서구 마곡서로 175,강서구 마곡동 754-6,37.568577,126.824776,강서,서울 강서구 마곡서로 175,제3종일반주거지역,도시지역,중요시설물보호지구(공항),지구단위계획구역,
37,ST-512,서울특별시 강서구 마곡중앙5로 58,강서구 마곡동 743-3,37.566982,126.8218,강서,서울 강서구 마곡중앙5로 58,제3종일반주거지역,도시지역,중요시설물보호지구(공항),지구단위계획구역,
38,ST-511,서울특별시 강서구 방화동로 지하 30,강서구 공항동 산20-2,37.563347,126.810486,강서,서울 강서구 공항동 산 20-2,도시관리계획 입안중,도시지역,제2종일반주거지역,근린상업지역,
39,ST-510,서울특별시 강서구 방화동 614-287,,37.563873,126.810608,강서,서울 강서구 방화동 614-287,도시관리계획 입안중,도시지역,제2종일반주거지역,중요시설물보호지구(공항),
40,ST-509,서울특별시 강서구 금낭화로 176,강서구 방화동 855,37.581623,126.812653,강서,서울 강서구 금낭화로 178,도시지역,자연녹지지역,제1종일반주거지역,비오톱1등급,
41,ST-508,서울특별시 강서구 양천로17길 6,강서구 방화동 769-23,37.573643,126.811806,강서,서울 강서구 양천로17길 6,도시지역,제2종일반주거지역,중요시설물보호지구(공항),과밀억제권역,
42,ST-507,서울특별시 강서구 개화동로5길 3-8,강서구 개화동 424-2,37.581612,126.798599,강서,서울 강서구 개화동로5길 3-8,도시지역,전용주거지역,중요시설물보호지구(공항),과밀억제권역,
43,ST-3284,서울특별시 강서구 남부순환로 222 서울자동차학원,,37.546135,126.82106,강서,서울 강서구 남부순환로 222,도시관리계획 입안중,자연녹지지역,도시지역,중요시설물보호지구(공항),
44,ST-3281,서울특별시 강서구 양천로57길 36 가양5단지아파트,,37.56448,126.854645,강서,서울 강서구 양천로57길 36,제3종일반주거지역,도시지역,제1종일반주거지역,중요시설물보호지구(공항),
45,ST-3276,서울특별시 강서구 화곡동 1089-50,,37.540981,126.837433,강서,서울 강서구 화곡동 1089-50,제3종일반주거지역,도시지역,건축선,중요시설물보호지구(공항),
46,ST-3263,서울특별시 강서구 양천로 201,,37.573318,126.830071,강서,서울 강서구 양천로 201,도시지역,자연녹지지역,중요시설물보호지구(공항),하수도,
47,ST-3261,서울특별시 강서구 마곡중앙10로 10 LG사이언스파크,,37.564037,126.829788,강서,서울 강서구 마곡중앙10로 10,자연녹지지역,도시지역,준공업지역,중요시설물보호지구(공항),
48,ST-3260,서울특별시 강서구 마곡중앙10로 30 LG사이언스파크,,37.561535,126.83194,강서,서울 강서구 마곡중앙10로 30,자연녹지지역,도시지역,준공업지역,중요시설물보호지구(공항),
49,ST-3259,서울특별시 강서구 마곡중앙10로 30 LG사이언스파크,,37.563816,126.832085,강서,서울 강서구 마곡중앙10로 30,자연녹지지역,도시지역,준공업지역,중요시설물보호지구(공항),
50,ST-3251,서울특별시 강서구 마곡중앙10로 70 LG사이언스파크,,37.563496,126.835831,강서,서울 강서구 마곡중앙10로 70,도시지역,준공업지역,중요시설물보호지구(공항),지구단위계획구역,
51,ST-3226,서울특별시 강서구 강서로56길 49 원당공원화장실,,37.559475,126.841476,강서,서울 강서구 강서로56길 49,자연녹지지역,제2종일반주거지역,도시지역,중요시설물보호지구(공항),
52,ST-3183,서울특별시 강서구 화곡동 947-3,,37.528412,126.846039,강서,서울 강서구 화곡동 947-3,제3종일반주거지역,도시관리계획 입안중,도시지역,제1종일반주거지역,
53,ST-3145,서울특별시 강서구 공항대로 213 보타닉파크타워2,,37.559486,126.831314,강서,서울 강서구 공항대로 213,도시지역,일반상업지역,중요시설물보호지구(공항),지구단위계획구역,
54,ST-3137,서울특별시 강서구 마곡동 761-5,,37.569809,126.828575,강서,서울 강서구 마곡동 761-5,도시관리계획 입안중,자연녹지지역,도시지역,일반상업지역,
55,ST-3129,서울특별시 강서구 방화대로50길 8 연세강서빌딩,,37.576252,126.817345,강서,서울 강서구 방화대로50길 8,제3종일반주거지역,도시지역,중요시설물보호지구(공항),제1종지구단위계획구역,
56,ST-3128,서울특별시 강서구 마곡중앙10로 70 LG사이언스파크,,37.563648,126.834541,강서,서울 강서구 마곡중앙10로 70,도시지역,준공업지역,중요시설물보호지구(공항),지구단위계획구역,
57,ST-3125,서울특별시 강서구 공항대로 543 센터스퀘어,,37.550648,126.866165,강서,서울 강서구 공항대로 543,도시관리계획 입안중,제2종일반주거지역,도시지역,준주거지역,
58,ST-3118,서울특별시 강서구 허준로 217 가양테크노타운,,37.56036,126.862762,강서,서울 강서구 허준로 217,제3종일반주거지역,도시지역,중요시설물보호지구(공항),지구단위계획구역,
59,ST-3100,서울특별시 강서구 등촌동 681-2,,37.564182,126.840279,강서,서울 강서구 등촌동 681-2,도시지역,준주거지역,중요시설물보호지구(공항),지구단위계획구역,
60,ST-3094,서울특별시 강서구 화곡로 416 가양역 더스카이밸리5차 지식산업센터,,37.560196,126.854912,강서,서울 강서구 화곡로 416,도시지역,준공업지역,건축선,중요시설물보호지구(공항),
61,ST-3084,서울특별시 강서구 가양동 14-26,,37.562508,126.852753,강서,서울 강서구 가양동 14-26,도시관리계획 입안중,도시지역,준공업지역,일반상업지역,
62,ST-3068,서울특별시 강서구 양천로 660 왈도강서캠퍼스,,37.552216,126.870224,강서,서울 강서구 양천로 660,도시지역,준공업지역,건축선,과밀억제권역,
63,ST-3031,서울특별시 강서구 외발산동 276-9,,37.549263,126.816742,강서,서울 강서구 외발산동 276-9,도시관리계획 입안중,자연녹지지역,도시지역,중요시설물보호지구(공항),
64,ST-2994,서울특별시 강서구 공항대로 509 우림보보카운티뷰오피스텔,,37.551884,126.863571,강서,서울 강서구 공항대로 509,도시관리계획 입안중,제2종일반주거지역,도시지역,준주거지역,
65,ST-2993,서울특별시 강서구 마곡동 798-17,,37.558235,126.82576,강서,서울 강서구 마곡동 798-17,도시지역,준주거지역,중요시설물보호지구(공항),지구단위계획구역,
66,ST-2992,서울특별시 강서구 화곡동 1013-3,,37.546619,126.836235,강서,서울 강서구 화곡동 1013-3,주거지역,주거지역,주거지역,주거지역,
67,ST-2965,서울특별시 강서구 마곡동 748-4,,37.556763,126.818695,강서,서울 강서구 마곡동 748-4,주거지역,주거지역,주거지역,주거지역,
68,ST-2947,서울특별시 강서구 방화동 886-15,,37.561546,126.807083,강서,서울 강서구 방화동 886-15,제3종일반주거지역,도시관리계획 입안중,자연녹지지역,도시지역,
69,ST-2946,서울특별시 강서구 염창동 284-46,,37.550858,126.872337,강서,서울 강서구 염창동 284-46,도시지역,준공업지역,건축선,도로,
70,ST-2945,서울특별시 강서구 마곡동 800-23,,37.557915,126.832977,강서,서울 강서구 마곡동 800-23,제3종일반주거지역,도시지역,일반상업지역,준공업지역,
71,ST-2944,서울특별시 강서구 양천로55길 55 강서한강자이,,37.567245,126.850388,강서,서울 강서구 양천로55길 55,도시지역,준공업지역,중요시설물보호지구(공항),제1종지구단위계획구역,
72,ST-2943,서울특별시 강서구 가양동,,37.569027,126.839882,강서,,,,,,
73,ST-2890,서울특별시 강서구 마곡동 222-32,,37.573341,126.823318,강서,서울 강서구 마곡동 222-32,도시지역,자연녹지지역,중요시설물보호지구(공항),기타녹지시설,
74,ST-2889,서울특별시 강서구 마곡동 767-3,,37.563541,126.824554,강서,서울 강서구 마곡동 767-3,도시지역,일반상업지역,준공업지역,중요시설물보호지구(공항),
75,ST-2888,서울특별시 강서구 내발산동 657-2,,37.555454,126.837517,강서,서울 강서구 내발산동 657-2,제3종일반주거지역,도시지역,건축선,중요시설물보호지구(공항),
76,ST-2887,서울특별시 강서구 곰달래로37길 13 화곡2동주민센터,,37.531822,126.854622,강서,서울 강서구 곰달래로37길 13,제2종일반주거지역,도시지역,중요시설물보호지구(공항),과밀억제권역,
77,ST-2886,서울특별시 강서구 마곡동 799,,37.559311,126.827438,강서,서울 강서구 마곡동 799,도시지역,일반상업지역,중요시설물보호지구(공항),지구단위계획구역,
78,ST-2885,서울특별시 강서구 마곡동 799,,37.55933,126.827179,강서,서울 강서구 마곡동 799,도시지역,일반상업지역,중요시설물보호지구(공항),지구단위계획구역,
79,ST-2884,서울특별시 강서구 마곡동 799,,37.559059,126.827049,강서,서울 강서구 마곡동 799,도시지역,일반상업지역,중요시설물보호지구(공항),지구단위계획구역,
80,ST-2883,서울특별시 강서구 방화동 849-2,,37.571087,126.807541,강서,서울 강서구 방화동 849-2,도시지역,제2종일반주거지역,준주거지역,중요시설물보호지구(공항),
81,ST-2871,서울특별시 강서구 마곡동 798,,37.559746,126.824387,강서,서울 강서구 마곡동 798,도시지역,일반상업지역,중요시설물보호지구(공항),지구단위계획구역,
82,ST-2858,서울특별시 강서구 마곡서1로 48,,37.560593,126.820847,강서,서울 강서구 마곡서1로 48,도시지역,준주거지역,중요시설물보호지구(공항),지구단위계획구역,
83,ST-2857,서울특별시 강서구 방화대로 294 마곡더블유타워,,37.566929,126.816841,강서,서울 강서구 방화대로 294,도시지역,일반상업지역,건축선,중요시설물보호지구(공항),
84,ST-2832,서울특별시 강서구 마곡중앙로 33 마곡엠밸리14단지,,37.557373,126.823326,강서,서울 강서구 마곡중앙로 33,제3종일반주거지역,도시지역,중요시설물보호지구(공항),지구단위계획구역,
85,ST-2831,서울특별시 강서구 공항대로 103,,37.560684,126.819183,강서,서울 강서구 마곡동 747,도시지역,준주거지역,중요시설물보호지구(공항),지구단위계획구역,
86,ST-2790,서울특별시 강서구 마곡동 780-8,,37.567192,126.834755,강서,서울 강서구 마곡동 780-8,도시관리계획 입안중,자연녹지지역,도시지역,준공업지역,
87,ST-2789,서울특별시 강서구 마곡동 744-2,,37.561085,126.816795,강서,서울 강서구 마곡동 744-2,,,,,
88,ST-2752,서울특별시 강서구 남부순환로 205,,37.547398,126.821411,강서,서울 강서구 남부순환로 205,도시지역,준주거지역,중요시설물보호지구(공항),제1종지구단위계획구역,
89,ST-2627,서울특별시 강서구 하늘길 112,,37.556885,126.809265,강서,서울 강서구 하늘길 112,제3종일반주거지역,자연녹지지역,도시지역,중요시설물보호지구(공항),
90,ST-2613,서울특별시 강서구 공항대로 308,,37.558029,126.841835,강서,서울 강서구 공항대로 308-7,제3종일반주거지역,도시관리계획 입안중,도시지역,중요시설물보호지구(공항),
91,ST-2612,서울특별시 강서구 양천로452,,37.563011,126.851006,강서,서울 강서구 양천로 452,도시지역,준공업지역,건축선,중요시설물보호지구(공항),
92,ST-2611,서울특별시 강서구 초원로16길 3-9 안성빌라,,37.567406,126.816216,강서,서울 강서구 초원로16길 3-8,제3종일반주거지역,도시지역,중요시설물보호지구(공항),과밀억제권역,
93,ST-2569,서울특별시 강서구 마곡동 769-4,,37.558632,126.835594,강서,서울 강서구 마곡동 769-4,,,,,
94,ST-2558,서울특별시 강서구 강서로 242 강서힐스테이트,,37.546638,126.836578,강서,서울 강서구 강서로 242,제3종일반주거지역,도시지역,중요시설물보호지구(공항),아파트지구,
95,ST-2557,서울특별시 강서구 화곡로 347,,37.555107,126.851547,강서,서울 강서구 화곡로 347,제3종일반주거지역,도시관리계획 입안중,도시지역,일반상업지역,
96,ST-2556,서울특별시 강서구 내발산동 755,,37.548573,126.820763,강서,서울 강서구 내발산동 755,도시지역,제1종일반주거지역,중요시설물보호지구(공항),제1종지구단위계획구역,
97,ST-2555,서울특별시 강서구 공항동 34-69,,37.560879,126.813545,강서,서울 강서구 공항동 34-69,도시지역,제2종일반주거지역,중요시설물보호지구(공항),철도,
98,ST-2554,서울특별시 강서구 공항대로 49-2 공항신성빌딩,,37.56131,126.813072,강서,서울 강서구 공항대로 49-2,제3종일반주거지역,도시관리계획 입안중,도시지역,건축선,
99,ST-2553,서울특별시 강서구 염창동 119,,37.551952,126.876709,강서,서울 강서구 염창동 119,도시관리계획 입안중,도시지역,자연녹지지역,준공업지역,
100,ST-2552,서울특별시 강서구 양천로 400-12 더리브골드타워,,37.565571,126.846245,강서,서울 강서구 양천로 400-12,도시지역,준공업지역,건축선,중요시설물보호지구(공항),
101,ST-2551,서울특별시 강서구 화곡로 206 삼영빌딩,,37.543827,126.843689,강서,서울 강서구 화곡로 206,제3종일반주거지역,도시지역,건축선,중요시설물보호지구(공항),
102,ST-2550,서울특별시 강서구 양천로 559 가양이마트,,37.557133,126.863144,강서,서울 강서구 양천로 559,제3종일반주거지역,도시관리계획 입안중,도시지역,준공업지역,
103,ST-2540,서울특별시 강서구 강서로 191 화평빌딩,강서로191,37.54324,126.838631,강서,서울 강서구 강서로 191,제3종일반주거지역,도시관리계획 입안중,도시지역,건축선,
104,ST-2539,서울특별시 강서구 화곡로 215 강서문화센터,,37.544579,126.843781,강서,서울 강서구 화곡로 215,제3종일반주거지역,도시지역,건축선,중요시설물보호지구(공항),
105,ST-2538,서울특별시 강서구 공항대로 260 이화의대부속서울병원,,37.55846,126.836761,강서,서울 강서구 공항대로 260,상업지역,상업지역,상업지역,상업지역,
106,ST-2495,서울특별시 강서구 방화동 874-1,,37.569839,126.807564,강서,서울 강서구 방화동 874-1,제3종일반주거지역,도시지역,중요시설물보호지구(공항),과밀억제권역,
107,ST-2494,서울특별시 강서구 염창동 223-4번지,,37.556805,126.871559,강서,서울 강서구 염창동 223-4,도시지역,자연녹지지역,준공업지역,도로,
108,ST-2493,서울특별시 강서구 방화동 57-5번지,,37.584171,126.819328,강서,서울 강서구 방화동 57-5,,,,,
109,ST-2492,서울특별시 강서구 가양동 1456-6,,37.573864,126.843475,강서,서울 강서구 가양동 1456-6,도시지역,자연녹지지역,중요시설물보호지구(공항),제1종지구단위계획구역,
110,ST-2491,서울특별시 강서구 양천로47길 112,,37.575317,126.83667,강서,서울 강서구 양천로47길 112,도시지역,준공업지역,중요시설물보호지구(공항),과밀억제권역,
111,ST-2490,서울특별시 강서구 양천로47길 90,,37.5741,126.837112,강서,서울 강서구 양천로47길 90,도시지역,준공업지역,중요시설물보호지구(공항),과밀억제권역,
112,ST-2489,서울특별시 강서구 양천로47길 24,,37.571289,126.837776,강서,서울 강서구 양천로47길 24,도시지역,준공업지역,중요시설물보호지구(공항),과밀억제권역,
113,ST-2488,서울특별시 강서구 금낭화로26가길 130,,37.584583,126.810921,강서,서울 강서구 금낭화로26가길 130,도시지역,자연녹지지역,중요시설물보호지구(공항),일반철도,
114,ST-2487,서울특별시 강서구 공항대로45길68-6,,37.557552,126.856255,강서,서울 강서구 공항대로45길 68-6,도시지역,준공업지역,중요시설물보호지구(공항),과밀억제권역,
115,ST-2486,서울특별시 강서구 방화동621-6,,37.561794,126.80793,강서,서울 강서구 방화동 621-6,도시관리계획 입안중,도시지역,근린상업지역,건축선,
116,ST-2485,서울특별시 강서구 방화동635-26,,37.564384,126.806046,강서,서울 강서구 방화동 635-26,도시지역,제2종일반주거지역,자연녹지지역,중요시설물보호지구(공항),
117,ST-2484,서울특별시 강서구 방화동651-1,,37.567535,126.805183,강서,서울 강서구 방화동 651-1,도시지역,자연녹지지역,중요시설물보호지구(공항),공항,
118,ST-2483,서울특별시 강서구 강서로74길58,,37.566441,126.844307,강서,서울 강서구 강서로74길 58,도시지역,준공업지역,중요시설물보호지구(공항),과밀억제권역,
119,ST-2482,서울특별시 강서구 방화대로319,,37.569248,126.816505,강서,서울 강서구 방화대로 319,제3종일반주거지역,도시지역,건축선,중요시설물보호지구(공항),
120,ST-2481,서울특별시 강서구 화곡로228,,37.545368,126.844704,강서,서울 강서구 화곡로 228,제3종일반주거지역,도시지역,건축선,중요시설물보호지구(공항),
121,ST-2480,서울특별시 강서구 화곡로 227,,37.545555,126.844498,강서,서울 강서구 화곡로 227,제3종일반주거지역,도시지역,건축선,중요시설물보호지구(공항),
122,ST-2479,서울특별시 강서구 양천로590,,37.55603,126.864296,강서,서울 강서구 양천로 590,도시지역,준공업지역,건축선,중요시설물보호지구(공항),
123,ST-2478,서울특별시 강서구 양천로 743 나이아가라관광호텔,,37.54903,126.878365,강서,서울 강서구 양천로 743,제3종일반주거지역,도시관리계획 입안중,도시지역,역사문화특화경관지구,
124,ST-2477,서울특별시 강서구 마곡동 726-16,,37.564976,126.817406,강서,서울 강서구 마곡동 726-16,도시지역,제2종일반주거지역,중요시설물보호지구(공항),중로2류(폭 15m~20m),
125,ST-2476,서울특별시 강서구 공항동9-12,,37.561134,126.816101,강서,서울 강서구 공항동 9-12,제3종일반주거지역,도시관리계획 입안중,도시지역,건축선,
126,ST-2475,서울특별시 강서구 양천로656,,37.552696,126.869751,강서,서울 강서구 양천로 656,도시지역,준공업지역,건축선,도로,
127,ST-2419,서울특별시 강서구 내발산동 751-6,,37.55135,126.824936,강서,서울 강서구 내발산동 751-6,제3종일반주거지역,도시지역,제1종일반주거지역,중요시설물보호지구(공항),
128,ST-2412,서울특별시 강서구 내발산동 752-1,,37.552559,126.823112,강서,서울 강서구 내발산동 752-1,제3종일반주거지역,제2종일반주거지역,도시지역,중요시설물보호지구(공항),
129,ST-2411,서울특별시 강서구 마곡서1로 60,,37.562092,126.820969,강서,서울 강서구 마곡서1로 60,도시지역,준주거지역,중요시설물보호지구(공항),지구단위계획구역,
130,ST-2399,서울특별시 강서구 강서로 532 동신아파트.대아아파트,,37.572044,126.844002,강서,서울 강서구 강서로 532,제3종일반주거지역,도시지역,중요시설물보호지구(공항),지구단위계획구역,
131,ST-2059,서울특별시 강서구 화곡로65길 62 강서구민올림픽체육센터,,37.559906,126.850426,강서,서울 강서구 화곡로65길 62,제3종일반주거지역,제2종일반주거지역,도시지역,중요시설물보호지구(공항),
132,ST-2058,서울특별시 강서구 수명로2길 105 마곡수명산파크5단지아파트,,37.550617,126.826881,강서,서울 강서구 수명로2길 105,제2종일반주거지역,도시지역,제1종일반주거지역,중요시설물보호지구(공항),
133,ST-2057,서울특별시 강서구 마곡동 811-6,,37.572975,126.832443,강서,서울 강서구 마곡동 811-6,,,,,
134,ST-2056,서울특별시 강서구 내발산동 741-2,,37.553631,126.828613,강서,서울 강서구 내발산동 741-2,제3종일반주거지역,도시지역,제1종일반주거지역,중요시설물보호지구(공항),
135,ST-2055,서울특별시 강서구 화곡동 663-15,,37.531395,126.847191,강서,서울 강서구 화곡동 663-15,제2종일반주거지역,도시지역,일반상업지역,건축선,
136,ST-2054,서울특별시 강서구 화곡동 662-6,,37.53159,126.846642,강서,서울 강서구 화곡동 662-6,제3종일반주거지역,도시지역,일반상업지역,건축선,
137,ST-2053,서울특별시 강서구 마곡서로 133 마곡엠밸리7단지,,37.566689,126.824699,강서,서울 강서구 마곡서로 133,제3종일반주거지역,도시지역,준주거지역,중요시설물보호지구(공항),
138,ST-2052,서울특별시 강서구 마곡서로 101 동익드미라벨복합빌딩,,37.562294,126.823952,강서,서울 강서구 마곡서로 101,제3종일반주거지역,도시지역,일반상업지역,중요시설물보호지구(공항),
139,ST-2051,서울특별시 강서구 마곡동 741-1,,37.564938,126.819359,강서,서울 강서구 마곡동 741-1,제3종일반주거지역,도시지역,중요시설물보호지구(공항),지구단위계획구역,
140,ST-2050,서울특별시 강서구 마곡중앙1로 71 마곡 13단지 힐스테이트 마스터,,37.558632,126.819916,강서,서울 강서구 마곡중앙1로 71,제3종일반주거지역,도시지역,중요시설물보호지구(공항),지구단위계획구역,
141,ST-2049,서울특별시 강서구 마곡동 728-352,,37.555309,126.829857,강서,서울 강서구 마곡동 728-352,,,,,
142,ST-2048,서울특별시 강서구 마곡동 728-46,,37.555241,126.834717,강서,서울 강서구 마곡동 728-46,,,,,
143,ST-2047,서울특별시 강서구 마곡동 769-4,,37.559128,126.834953,강서,서울 강서구 마곡동 769-4,,,,,
144,ST-2046,서울특별시 강서구 마곡중앙로 177 더넥센유니버시티,,37.569485,126.828094,강서,서울 강서구 마곡중앙로 177,도시지역,준공업지역,중요시설물보호지구(공항),지구단위계획구역,
145,ST-2045,서울특별시 강서구 마곡동로 115,,37.565804,126.828079,강서,서울 강서구 마곡동로 115,자연녹지지역,도시지역,중요시설물보호지구(공항),지구단위계획구역,
146,ST-2044,서울특별시 강서구 마곡중앙10로 10 LG사이언스파크,,37.563927,126.830643,강서,서울 강서구 마곡중앙10로 10,자연녹지지역,도시지역,준공업지역,중요시설물보호지구(공항),
147,ST-2043,서울특별시 강서구 마곡동 775-3,,37.567223,126.834389,강서,서울 강서구 마곡동 775-3,도시관리계획 입안중,자연녹지지역,도시지역,일반상업지역,
148,ST-2042,서울특별시 강서구 마곡동로 161 서울식물원,,37.568836,126.835632,강서,서울 강서구 마곡동로 161,도시관리계획 입안중,자연녹지지역,도시지역,준공업지역,
149,ST-2041,서울특별시 강서구 마곡중앙8로3길 79,,37.568485,126.83857,강서,서울 강서구 마곡중앙8로3길 79,도시지역,준공업지역,중요시설물보호지구(공항),지구단위계획구역,
150,ST-2040,서울특별시 강서구 마곡동 789-10,,37.560894,126.836693,강서,서울 강서구 마곡동 789-10,도시지역,일반상업지역,준공업지역,준주거지역,
151,ST-2038,서울특별시 강서구 등촌동 709,,37.561882,126.839157,강서,서울 강서구 등촌동 709,제3종일반주거지역,도시관리계획 입안중,도시지역,준공업지역,
152,ST-2037,서울특별시 강서구 마곡동 727-1243,,37.563206,126.839363,강서,서울 강서구 마곡동 727-1243,,,,,
153,ST-2036,서울특별시 강서구 공항대로 195 힐스테이트에코동익,,37.559658,126.829605,강서,서울 강서구 공항대로 195,도시지역,일반상업지역,중요시설물보호지구(공항),지구단위계획구역,
154,ST-2035,서울특별시 강서구 마곡중앙8로 32 스페이스K 서울,,37.561211,126.830345,강서,서울 강서구 마곡중앙8로 32,도시지역,준공업지역,중요시설물보호지구(공항),지구단위계획구역,
155,ST-2034,서울특별시 강서구 마곡동 806-5,,37.555191,126.831467,강서,서울 강서구 마곡동 806-5,,,,,
156,ST-2033,서울특별시 강서구 마곡중앙8로 71 엘지사이언스파크,,37.561337,126.8339,강서,서울 강서구 마곡중앙8로 71,도시지역,준공업지역,중요시설물보호지구(공항),지구단위계획구역,
157,ST-2032,서울특별시 강서구 마곡중앙로 201 롯데중앙연구소,,37.570942,126.828316,강서,서울 강서구 마곡중앙로 201,도시지역,준공업지역,중요시설물보호지구(공항),지구단위계획구역,
158,ST-2031,서울특별시 강서구 마곡중앙5로 2 마곡나루역(9호선),,37.566925,126.827438,강서,서울 강서구 마곡중앙5로 2,제3종일반주거지역,도시관리계획 입안중,도시지역,일반상업지역,
159,ST-2030,서울특별시 강서구 강서로47길 108 마곡수명산파크1단지아파트,,37.553352,126.831047,강서,서울 강서구 강서로47길 108,제3종일반주거지역,도시지역,중요시설물보호지구(공항),제1종지구단위계획구역,
160,ST-2029,서울특별시 강서구 화곡동 19-2,,37.548534,126.846672,강서,서울 강서구 화곡동 19-2,제3종일반주거지역,제2종일반주거지역,도시지역,건축선,
161,ST-2028,서울특별시 강서구 가로공원로 240,,37.538357,126.842361,강서,서울 강서구 가로공원로 240,제3종일반주거지역,도시지역,건축선,중요시설물보호지구(공항),
162,ST-2027,서울특별시 강서구 가로공원로 189 가로공원로 지하공영주차장,,37.537361,126.837448,강서,서울 강서구 가로공원로 189,제3종일반주거지역,도시지역,건축선,중요시설물보호지구(공항),
163,ST-2026,서울특별시 강서구 강서로 515 라이품,,37.57132,126.841667,강서,서울 강서구 강서로 515,제2종일반주거지역,도시지역,중요시설물보호지구(공항),제1종지구단위계획구역,
164,ST-2025,서울특별시 강서구 가양동 1459-11,,37.564587,126.856918,강서,서울 강서구 가양동 1459-11,제3종일반주거지역,도시지역,자연녹지지역,중요시설물보호지구(공항),
165,ST-2024,서울특별시 강서구 가양동 18-23,,37.564682,126.848907,강서,서울 강서구 가양동 18-23,도시지역,준공업지역,건축선,중요시설물보호지구(공항),
166,ST-2023,서울특별시 강서구 가양동 1458-13,,37.57037,126.844414,강서,서울 강서구 가양동 1458-13,제3종일반주거지역,제2종일반주거지역,도시지역,중요시설물보호지구(공항),
167,ST-2022,서울특별시 강서구 방화동 813-18,,37.576317,126.816498,강서,서울 강서구 방화동 813-18,제3종일반주거지역,도시지역,제2종일반주거지역,중요시설물보호지구(공항),
168,ST-2021,서울특별시 강서구 양천로 431 홈플러스가양점,,37.564404,126.84922,강서,서울 강서구 양천로 431,제3종일반주거지역,제2종일반주거지역,도시지역,준공업지역,
169,ST-2020,서울특별시 강서구 화곡로 398 홈플러스강서점앤본사사옥,,37.558521,126.854012,강서,서울 강서구 화곡로 398,도시지역,준공업지역,건축선,중요시설물보호지구(공항),
170,ST-2018,서울특별시 강서구 공항대로 607 서울도시가스사옥,,37.547485,126.872025,강서,서울 강서구 공항대로 607,제3종일반주거지역,도시관리계획 입안중,도시지역,건축선,
171,ST-1750,서울특별시 강서구 개화동로8길 17,개화정비,37.577908,126.798042,강서,서울 강서구 개화동로8길 17,도시관리계획 입안중,도시지역,자연녹지지역,중요시설물보호지구(공항),
172,ST-1727,서울특별시 강서구 마곡서1로 146,마곡엠밸리2단지 202동 인근,37.56918,126.819443,강서,서울 강서구 마곡서1로 146,제3종일반주거지역,도시지역,제2종일반주거지역,중요시설물보호지구(공항),
173,ST-1718,서울특별시 강서구 마곡중앙5로 지하 2,마곡나루역(공항철도) 5번출구 뒤편,37.565201,126.827316,강서,서울 강서구 마곡중앙5로 2,제3종일반주거지역,도시관리계획 입안중,도시지역,일반상업지역,
174,ST-1715,서울특별시 강서구 마곡중앙10로 10,LG 사이언스파크,37.56255,126.827438,강서,서울 강서구 마곡중앙10로 10,자연녹지지역,도시지역,준공업지역,중요시설물보호지구(공항),
175,ST-1714,서울특별시 강서구 강서로 247,엘펠리체 호텔 건너편,37.560242,126.835808,강서,서울 강서구 강서로 247,제3종일반주거지역,도시지역,준주거지역,건축선,
176,ST-1713,서울특별시 강서구 마곡동로 161,서울식물원(문화센터) 건너편,37.568241,126.835831,강서,서울 강서구 마곡동로 161,도시관리계획 입안중,자연녹지지역,도시지역,준공업지역,
177,ST-1712,서울특별시 강서구 마곡동로 110,코오롱글로벌㈜,37.564129,126.834312,강서,서울 강서구 마곡동로 110,도시지역,준공업지역,중요시설물보호지구(공항),지구단위계획구역,
178,ST-1711,서울특별시 강서구 마곡중앙8로3길 21,케이티엔에프빌딩 인근,37.563301,126.836823,강서,서울 강서구 마곡중앙8로3길 21,도시지역,준공업지역,중요시설물보호지구(공항),지구단위계획구역,
179,ST-1710,서울특별시 강서구 내발산동 741-8,,37.55545,126.826897,강서,서울 강서구 내발산동 741-8,제3종일반주거지역,도시지역,제1종일반주거지역,중요시설물보호지구(공항),
180,ST-1709,서울특별시 강서구 공항대로 지하 163,마곡역 교차로(2번출구),37.560501,126.826653,강서,서울 강서구 공항대로 163,도시지역,일반상업지역,중요시설물보호지구(공항),지구단위계획구역,
181,ST-1708,서울특별시 강서구 마곡중앙로 201,롯데중앙연구소,37.571381,126.828339,강서,서울 강서구 마곡중앙로 201,도시지역,준공업지역,중요시설물보호지구(공항),지구단위계획구역,
182,ST-1695,서울특별시 강서구 개화동로8길 38,개화광역환승센터,37.578449,126.798973,강서,서울 강서구 개화동로8길 38,,,,,
183,ST-1694,서울특별시 강서구 강서로 247,우장산역 3번출구,37.547821,126.836128,강서,서울 강서구 강서로 247,제3종일반주거지역,도시지역,준주거지역,건축선,
184,ST-1689,서울특별시 강서구 마곡중앙로 76,힐스테이트에코마곡역,37.560242,126.827164,강서,서울 강서구 마곡중앙로 76,도시지역,일반상업지역,중요시설물보호지구(공항),지구단위계획구역,
185,ST-1688,서울특별시 강서구 공항대로 227,마곡센트럴타워 1차,37.559471,126.832077,강서,서울 강서구 공항대로 227,도시지역,일반상업지역,중요시설물보호지구(공항),지구단위계획구역,
186,ST-1676,서울특별시 강서구 발산로 24,강서수산물도매시장,37.55302,126.818367,강서,서울 강서구 발산로 24,생산녹지지역,도시지역,유통상업지역,중요시설물보호지구(공항),
187,ST-1647,서울특별시 강서구 방화대로5길 7,송정중학교,37.554729,126.816093,강서,서울 강서구 방화대로5길 7,도시관리계획 입안중,제2종일반주거지역,도시지역,중요시설물보호지구(공항),
188,ST-1646,서울특별시 강서구 화곡로63가길 92,등촌9단지,37.562901,126.849472,강서,서울 강서구 화곡로63가길 92,제3종일반주거지역,도시지역,중요시설물보호지구(공항),지구단위계획구역,
189,ST-1645,서울특별시 강서구 방화대로7길 6,마곡13단지,37.55645,126.815979,강서,서울 강서구 방화대로7길 6,제3종일반주거지역,도시관리계획 입안중,도시지역,중요시설물보호지구(공항),
190,ST-1520,서울특별시 강서구 까치산로24길 47,KC 대학교,37.548321,126.853401,강서,서울 강서구 까치산로24길 47,도시관리계획 입안중,도시지역,제1종일반주거지역,중요시설물보호지구(공항),
191,ST-1519,서울특별시 강서구 공항대로 376,KBS 스포츠월드,37.556877,126.848808,강서,서울 강서구 공항대로 376,제2종일반주거지역,도시지역,중요시설물보호지구(공항),체육시설,
192,ST-1518,서울특별시 강서구 발산로 40,농산식품공사 (강서지사),37.551044,126.818497,강서,서울 강서구 발산로 40,도시지역,유통상업지역,중요시설물보호지구(공항),유통업무설비,
193,ST-1517,서울특별시 강서구 마곡중앙로 36,마곡엠밸리 15단지(1502동) 건너편,37.557468,126.82972,강서,서울 강서구 마곡중앙로 36,제3종일반주거지역,도시지역,중요시설물보호지구(공항),지구단위계획구역,
194,ST-1516,서울특별시 강서구 강서로 409,국민건강보험공단(강서지사) 건너편,37.562099,126.839256,강서,서울 강서구 강서로 409,도시지역,준주거지역,중요시설물보호지구(공항),지구단위계획구역,
195,ST-1515,서울특별시 강서구 양천로 22,개화산역 2번 출구,37.572472,126.806168,강서,서울 강서구 양천로 22,제3종일반주거지역,도시지역,중요시설물보호지구(공항),과밀억제권역,
196,ST-1514,서울특별시 강서구 수명로1길 16,마곡수명산파크4단지아파트 401동 앞,37.55011,126.823677,강서,서울 강서구 수명로1길 16,제3종일반주거지역,도시지역,제1종일반주거지역,중요시설물보호지구(공항),
197,ST-1513,서울특별시 강서구 개화동로 495,공항고등학교 정문,37.567921,126.805473,강서,서울 강서구 개화동로 495,도시지역,자연녹지지역,제2종일반주거지역,중요시설물보호지구(공항),
198,ST-1512,서울특별시 강서구 공항대로 453,대한항공 인력개발센터,37.554379,126.857536,강서,서울 강서구 공항대로 453,제3종일반주거지역,도시관리계획 입안중,제2종일반주거지역,도시지역,
199,ST-1511,서울특별시 강서구 공항대로 389 부민병원,,37.556614,126.851166,강서,서울 강서구 공항대로 389,도시관리계획 입안중,도시지역,일반상업지역,건축선,
200,ST-1510,서울특별시 강서구 공항대로 411,강서구청사거리(SH타워),37.556736,126.853073,강서,서울 강서구 공항대로 411,도시관리계획 입안중,도시지역,일반상업지역,건축선,
201,ST-1509,서울특별시 강서구 허준로 202,가양3동 주민센터,37.561249,126.86058,강서,서울 강서구 허준로 202,제3종일반주거지역,도시지역,중요시설물보호지구(공항),제1종지구단위계획구역,
202,ST-1508,서울특별시 강서구 양천로 696,염창동 새마을금고 건너편 (모닝글로리),37.550049,126.873161,강서,서울 강서구 양천로 696,도시지역,준공업지역,건축선,과밀억제권역,
203,ST-1507,서울특별시 강서구 공항대로 571,강서구보건소 (삼성디지털 프라자),37.549179,126.868797,강서,서울 강서구 공항대로 571,제3종일반주거지역,도시관리계획 입안중,도시지역,제2종일반주거지역,
204,ST-1506,서울특별시 강서구 공항대로 625,염창역 1번 출구,37.547199,126.874489,강서,서울 강서구 공항대로 625,도시관리계획 입안중,도시지역,준주거지역,제1종지구단위계획구역,
205,ST-1402,서울특별시 강서구 마곡중앙1로 72 마곡엠밸리10단지,,37.560291,126.818756,강서,서울 강서구 마곡중앙1로 72,도시지역,준주거지역,중요시설물보호지구(공항),지구단위계획구역,
206,ST-1352,서울특별시 강서구 내발산동 751-3,,37.553509,126.825867,강서,서울 강서구 내발산동 751-3,제3종일반주거지역,도시지역,제1종일반주거지역,중요시설물보호지구(공항),
207,ST-1351,서울특별시 강서구 강서로62길 48,강서구립등빛도서관,37.562569,126.842461,강서,서울 강서구 강서로62길 48,제3종일반주거지역,도시지역,중요시설물보호지구(공항),지구단위계획구역,
208,ST-1338,서울특별시 강서구 마곡중앙5로 58,마곡중학교 후문,37.568447,126.821648,강서,서울 강서구 마곡중앙5로 58,제3종일반주거지역,도시지역,중요시설물보호지구(공항),지구단위계획구역,
209,ST-1254,서울특별시 강서구 방화대로34길 65,방화동 강서기동대앞,37.570499,126.820084,강서,서울 강서구 방화대로34길 65,도시지역,제2종일반주거지역,중요시설물보호지구(공항),도로,
210,ST-1253,서울특별시 강서구 마곡서1로 68,공항초등학교건너편,37.562679,126.820473,강서,서울 강서구 마곡서1로 68,제3종일반주거지역,도시지역,중요시설물보호지구(공항),지구단위계획구역,
211,ST-1252,서울특별시 강서구 남부순환로 171,강서면허시험장앞,37.549694,126.819664,강서,서울 강서구 남부순환로 171,자연녹지지역,도시지역,준주거지역,유통상업지역,
212,ST-1251,서울특별시 강서구 양천로 지하 341,양천향교역 7번출구 앞,37.56768,126.840897,강서,서울 강서구 양천로 341,도시관리계획 입안중,도시지역,준공업지역,건축선,
213,ST-1250,서울특별시 강서구 양천로53길 30,서서울모터리움앞,37.565853,126.846596,강서,서울 강서구 양천로53길 30,도시지역,준공업지역,건축선,중요시설물보호지구(공항),
214,ST-1249,서울특별시 강서구 양천로 지하 485,가양역 8번출구,37.561035,126.854813,강서,서울 강서구 양천로 485,도시관리계획 입안중,도시지역,준공업지역,건축선,
215,ST-1069,서울특별시 강서구 화곡로 302,강서구청,37.550659,126.84977,강서,서울 강서구 화곡로 302,제3종일반주거지역,도시관리계획 입안중,도시지역,건축선,
216,ST-1067,서울특별시 강서구 가양동 1458-15,기쁜우리복지관,37.56926,126.848419,강서,서울 강서구 가양동 1458-15,제3종일반주거지역,제2종일반주거지역,도시지역,중요시설물보호지구(공항),
217,ST-1065,서울특별시 강서구 마곡동 797-5,,37.558949,126.837173,강서,서울 강서구 마곡동 797-5,도시지역,일반상업지역,중요시설물보호지구(공항),지구단위계획구역,
218,ST-1064,서울특별시 강서구 마곡동 728-168,마곡역7번출구,37.558311,126.826523,강서,서울 강서구 마곡동 728-168,,,,,
219,ST-1063,서울특별시 강서구 공항대로 163 마곡역(5호선),,37.560207,126.824142,강서,서울 강서구 공항대로 163,도시지역,일반상업지역,중요시설물보호지구(공항),지구단위계획구역,
220,ST-1062,서울특별시 강서구 공항대로 33 송정역(5호선),,37.561531,126.810699,강서,서울 강서구 공항대로 33,,,,,
221,ST-1064,서울특별시 강서구 마곡동 728-168,마곡역7번출구,37.558311,126.826523,강서,서울 강서구 마곡동 728-168,,,,,
222,ST-1063,서울특별시 강서구 공항대로 163 마곡역(5호선),,37.560207,126.824142,강서,서울 강서구 공항대로 163,,,,,
223,ST-1062,서울특별시 강서구 공항대로 33 송정역(5호선),,37.561531,126.810699,강서,서울 강서구 공항대로 33,,,,,
